{"salary": "4k-8k", "city": "广州", "jid": "701c79b9c11bac0e1Xd_3dW-GFc~", "workYear": "1-3年", "companySize": "1000-9999人", "industryField": "其他行业", "updated_at": "2018-08-10 11:55:22", "jobName": "测试工程师", "companyShortName": "广东芬尼克兹", "education": "大专", "financeStage": "已上市"},
{"salary": "5k-7k", "city": "广州", "jid": "bbb1a8be4ce8c47e1XR82920GVE~", "workYear": "经验不限", "companySize": "1000-9999人", "industryField": "互联网", "updated_at": "2018-08-10 11:55:22", "jobName": "软件测试工程师", "companyShortName": "易诚互动-华南大区", "education": "本科", "financeStage": "不需要融资"},
{"salary": "5k-8k", "city": "广州", "jid": "5d97ffaeb34fbb171nVy29W9EVM~", "workYear": "经验不限", "companySize": "10000人以上", "industryField": "计算机软件", "updated_at": "2018-08-10 11:55:22", "jobName": "测试工程师", "companyShortName": "中科软", "education": "大专", "financeStage": "已上市"},
{"salary": "5k-10k", "city": "广州", "jid": "1b50cbfeb17d5c5f1XR90ti0E1A~", "workYear": "1年以内", "companySize": "100-499人", "industryField": "互联网", "updated_at": "2018-08-10 11:55:22", "jobName": "测试工程师", "companyShortName": "金科文化", "education": "学历不限", "financeStage": "已上市"},
{"salary": "9k-16k", "city": "广州", "jid": "e8f4c117a748967f1XZ70tq0FVM~", "workYear": "1-3年", "companySize": "10000人以上", "industryField": "计算机硬件", "updated_at": "2018-08-10 11:55:22", "jobName": "测试工程师", "companyShortName": "联想集团", "education": "本科", "financeStage": "已上市"},
{"salary": "5k-10k", "city": "广州", "jid": "1cad3a0e8422b1351nx529-1ElE~", "workYear": "1-3年", "companySize": "0-20人", "industryField": "电子商务", "updated_at": "2018-08-10 11:55:22", "jobName": "测试工程师", "companyShortName": "登山大道", "education": "大专", "financeStage": "天使轮"},
{"salary": "7k-14k", "city": "广州", "jid": "938d4c2f8355e92b1nJ-2d-1FVE~", "workYear": "3-5年", "companySize": "1000-9999人", "industryField": "互联网", "updated_at": "2018-08-10 11:55:22", "jobName": "软件测试工程师", "companyShortName": "锦峰集团", "education": "大专", "financeStage": "不需要融资"},
{"salary": "10k-18k", "city": "广州", "jid": "a6e6c2e59da3cd481XZ80928EFo~", "workYear": "3-5年", "companySize": "20-99人", "industryField": "游戏", "updated_at": "2018-08-10 11:55:22", "jobName": "测试工程师（游戏方向）", "companyShortName": "广州雷神", "education": "大专", "financeStage": "不需要融资"},
{"salary": "10k-15k", "city": "广州", "jid": "a88464fd486e6a0b1XZz29S0F1Q~", "workYear": "3-5年", "updated_at": "2018-08-10 11:55:22", "jobName": "测试工程师", "companyShortName": "广州朗鑫光电科技...", "education": "本科"},
{"salary": "5k-10k", "city": "广州", "jid": "002aea34a3a6cfe21XV439S6EVY~", "workYear": "1年以内", "companySize": "20-99人", "industryField": "移动互联网", "updated_at": "2018-08-10 11:55:22", "jobName": "测试工程师", "companyShortName": "聚工品电子商务", "education": "本科", "financeStage": "未融资"},
{"salary": "7k-12k", "city": "广州", "jid": "b08d8ddaeff3a3441nB72tW-FlI~", "workYear": "1-3年", "companySize": "1000-9999人", "industryField": "互联网", "updated_at": "2018-08-10 11:55:22", "jobName": "测试工程师", "companyShortName": "棒谷", "education": "大专", "financeStage": "未融资"},
{"salary": "6k-8k", "city": "广州", "jid": "12bfd6b9a26b881f1Xd_39u6EFI~", "workYear": "1-3年", "companySize": "100-499人", "industryField": "计算机软件", "updated_at": "2018-08-10 11:55:22", "jobName": "测试工程师（金融）", "companyShortName": "熠宸信息", "education": "本科", "financeStage": "未融资"},
{"salary": "7k-12k", "city": "广州", "jid": "7b0508c4080086bf1nd72Ny-EFI~", "workYear": "1-3年", "companySize": "1000-9999人", "industryField": "智能硬件", "updated_at": "2018-08-10 11:55:22", "jobName": "软件测试工程师", "companyShortName": "广州视臻", "education": "大专", "financeStage": "已上市"},
{"salary": "8k-15k", "city": "广州", "jid": "a68583e5e521cc8b1XZz3dq-EVM~", "workYear": "3-5年", "companySize": "100-499人", "industryField": "电子商务", "updated_at": "2018-08-10 11:55:22", "jobName": "测试工程师", "companyShortName": "保利若比邻", "education": "大专", "financeStage": "未融资"},
{"salary": "3k-6k", "city": "广州", "jid": "535f305dd303a45b1nN5096_FVA~", "workYear": "1-3年", "companySize": "100-499人", "industryField": "互联网", "updated_at": "2018-08-10 11:55:22", "jobName": "测试工程师", "companyShortName": "群主互联网", "education": "大专", "financeStage": "未融资"},
{"salary": "2k-3k", "city": "广州", "jid": "cae5ee9d1f93e7af1XRy2t-5GVU~", "workYear": "应届生", "companySize": "100-499人", "industryField": "计算机软件", "updated_at": "2018-08-10 11:55:22", "jobName": "实习测试工程师", "companyShortName": "广州健迅科技有限公司", "education": "本科", "financeStage": "不需要融资"},
{"salary": "4k-8k", "city": "广州", "jid": "fb4d6c9b2121c6291XV_09y_F1E~", "workYear": "5-10年", "companySize": "100-499人", "industryField": "移动互联网", "updated_at": "2018-08-10 11:55:22", "jobName": "广州初级测试工程师", "companyShortName": "追越科技", "education": "大专", "financeStage": "未融资"},
{"salary": "10k-15k", "city": "广州", "jid": "10728ce5dcdb5ff51Xd-09u8GFE~", "workYear": "1-3年", "companySize": "20-99人", "industryField": "移动互联网", "updated_at": "2018-08-10 11:55:22", "jobName": "测试工程师", "companyShortName": "老虎科技", "education": "大专", "financeStage": "A轮"},
{"salary": "8k-10k", "city": "广州", "jid": "047a90380d9eeb6d1XV40t26EFE~", "workYear": "1-3年", "companySize": "100-499人", "industryField": "互联网", "updated_at": "2018-08-10 11:55:22", "jobName": "中级测试工程师", "companyShortName": "金科文化", "education": "大专", "financeStage": "已上市"},
{"salary": "4k-6k", "city": "广州", "jid": "98ea9aa5a710bf4c1nx50tu0EFQ~", "workYear": "1-3年", "companySize": "100-499人", "industryField": "互联网", "updated_at": "2018-08-10 11:55:22", "jobName": "测试工程师", "companyShortName": "爱拍", "education": "大专", "financeStage": "D轮及以上"},
{"salary": "9k-18k", "city": "广州", "jid": "e699e0007e6a02151XZ73tS-FVA~", "workYear": "3-5年", "companySize": "100-499人", "industryField": "贸易/进出口", "updated_at": "2018-08-10 11:55:22", "jobName": "测试工程师", "companyShortName": "赤骥商贸有限公司", "education": "大专", "financeStage": "未融资"},
{"salary": "7k-14k", "city": "广州", "jid": "8f0f60faee7de9721Xd63NS9FVQ~", "workYear": "1-3年", "companySize": "20-99人", "industryField": "互联网", "updated_at": "2018-08-10 11:55:22", "jobName": "测试工程师", "companyShortName": "聚效", "education": "大专", "financeStage": "不需要融资"},
{"salary": "10k-14k", "city": "广州", "jid": "9162402dab4f85dc1XR53tW1FFQ~", "workYear": "1-3年", "companySize": "100-499人", "industryField": "电子商务", "updated_at": "2018-08-10 11:55:22", "jobName": "软件测试工程师（外包）", "companyShortName": "海通安恒", "education": "大专", "financeStage": "不需要融资"},
{"salary": "8k-15k", "city": "广州", "jid": "3aac26fedebc78fa1XV62d64FVA~", "workYear": "1-3年", "companySize": "20-99人", "industryField": "数据服务", "updated_at": "2018-08-10 11:55:22", "jobName": "WEB测试工程师", "companyShortName": "数沃科技", "education": "本科", "financeStage": "不需要融资"},
{"salary": "9k-15k", "city": "广州", "jid": "2035676dbdc8f3a51n162d67EVY~", "workYear": "3-5年", "updated_at": "2018-08-10 11:55:22", "jobName": "安全测试工程师", "companyShortName": "三赢伟业科技有限公司", "education": "大专"},
{"salary": "8k-15k", "city": "广州", "jid": "6c695c76f3af56161XZz2t67EVI~", "workYear": "1-3年", "companySize": "20-99人", "industryField": "互联网金融", "updated_at": "2018-08-10 11:55:22", "jobName": "软件测试工程师", "companyShortName": "广州证行互联网金...", "education": "本科", "financeStage": "未融资"},
{"salary": "5k-9k", "city": "广州", "jid": "c803e30c773d17261XV-3dW6GVc~", "workYear": "1-3年", "companySize": "20-99人", "industryField": "互联网", "updated_at": "2018-08-10 11:55:22", "jobName": "软件测试工程师", "companyShortName": "云握科技", "education": "大专", "financeStage": "不需要融资"},
{"salary": "5k-10k", "city": "广州", "jid": "c44f5a5836af7f3f1Xd639W_FFE~", "workYear": "1-3年", "companySize": "100-499人", "industryField": "互联网", "updated_at": "2018-08-10 11:55:22", "jobName": "软件测试工程师", "companyShortName": "轻快科技", "education": "大专", "financeStage": "B轮"},
{"salary": "4k-7k", "city": "广州", "jid": "de0cf864f1cfffee1XV809S9FFM~", "workYear": "应届生", "companySize": "20-99人", "industryField": "游戏", "updated_at": "2018-08-10 11:55:22", "jobName": "游戏测试工程师（实习岗）", "companyShortName": "赫墨拉游戏", "education": "本科", "financeStage": "天使轮"},
{"salary": "4k-5k", "city": "广州", "jid": "d9c0f23d5ad1fc481n150ty-EFU~", "workYear": "1年以内", "companySize": "20-99人", "industryField": "互联网", "updated_at": "2018-08-10 11:55:22", "jobName": "APP测试工程师", "companyShortName": "本盈互联", "education": "大专", "financeStage": "不需要融资"},
{"salary": "6k-8k", "city": "广州", "jid": "50bb53356993a9a61nF92ti7E1U~", "workYear": "1-3年", "companySize": "500-999人", "industryField": "电子商务", "updated_at": "2018-08-10 11:55:32", "jobName": "软件测试工程师", "companyShortName": "幸福世纪科技", "education": "大专", "financeStage": "未融资"},
{"salary": "5k-6k", "city": "广州", "jid": "b971fa1eeeefe34c1n1509-1EVs~", "workYear": "应届生", "companySize": "500-999人", "industryField": "互联网", "updated_at": "2018-08-10 11:55:32", "jobName": "软件测试工程师", "companyShortName": "道一信息", "education": "本科", "financeStage": "已上市"},
{"salary": "5k-8k", "city": "广州", "jid": "9522bc2b9bda472f1nR_2t6_F1A~", "workYear": "1年以内", "companySize": "100-499人", "industryField": "互联网", "updated_at": "2018-08-10 11:55:32", "jobName": "测试工程师", "companyShortName": "爱拍", "education": "本科", "financeStage": "D轮及以上"},
{"salary": "8k-15k", "city": "广州", "jid": "8a1ff83f0467f79f1XZz2dm9FFI~", "workYear": "1-3年", "companySize": "100-499人", "industryField": "移动互联网", "updated_at": "2018-08-10 11:55:32", "jobName": "APP测试工程师", "companyShortName": "触宝", "education": "本科", "financeStage": "D轮及以上"},
{"salary": "7k-12k", "city": "广州", "jid": "56a64707417578151XR63NS1GFA~", "workYear": "1年以内", "companySize": "20-99人", "industryField": "数据服务", "updated_at": "2018-08-10 11:55:32", "jobName": "测试工程师", "companyShortName": "数沃科技", "education": "本科", "financeStage": "不需要融资"},
{"salary": "7k-9k", "city": "广州", "jid": "9b28340c6e643a2b1XRy3d69FVo~", "workYear": "1-3年", "companySize": "1000-9999人", "industryField": "医疗健康", "updated_at": "2018-08-10 11:55:32", "jobName": "APP测试工程师", "companyShortName": "壹健康科技", "education": "大专", "financeStage": "不需要融资"},
{"salary": "4k-8k", "city": "广州", "jid": "1376056d7a9dbd481XV63NW5GFY~", "workYear": "经验不限", "companySize": "100-499人", "industryField": "游戏", "updated_at": "2018-08-10 11:55:32", "jobName": "游戏测试工程师", "companyShortName": "奇翼", "education": "大专", "financeStage": "天使轮"},
{"salary": "5k-8k", "city": "广州", "jid": "8c097423612979f51XZ-0tq9F1s~", "workYear": "1-3年", "companySize": "20-99人", "industryField": "企业服务", "updated_at": "2018-08-10 11:55:32", "jobName": "WEB测试工程师", "companyShortName": "正和思齐", "education": "本科", "financeStage": "不需要融资"},
{"salary": "8k-9k", "city": "广州", "jid": "2d4d1deb3c0704fc1nx-39m-GVM~", "workYear": "1-3年", "companySize": "20-99人", "industryField": "在线教育", "updated_at": "2018-08-10 11:55:32", "jobName": "软件测试工程师", "companyShortName": "心迹家庭成长社", "education": "大专", "financeStage": "天使轮"},
{"salary": "6k-9k", "city": "广州", "jid": "e3df2818aeda51511XV_0tS-GFQ~", "workYear": "1-3年", "companySize": "20-99人", "industryField": "计算机软件", "updated_at": "2018-08-10 11:55:32", "jobName": "测试工程师（开发部）", "companyShortName": "摩赛网络", "education": "大专", "financeStage": "未融资"},
{"salary": "8k-15k", "city": "广州", "jid": "68a6b34577b5a1a51Xd40tW5GVc~", "workYear": "3-5年", "companySize": "100-499人", "industryField": "智能硬件", "updated_at": "2018-08-10 11:55:32", "jobName": "测试工程师（有硬件测试基础）", "companyShortName": "数娱科技", "education": "本科", "financeStage": "不需要融资"},
{"salary": "4k-6k", "city": "广州", "jid": "9c299ae49f7288e21nJ42d65E1c~", "workYear": "1-3年", "companySize": "20-99人", "industryField": "医疗健康", "updated_at": "2018-08-10 11:55:32", "jobName": "软件测试工程师", "companyShortName": "广州诚益", "education": "大专", "financeStage": "A轮"},
{"salary": "4k-7k", "city": "广州", "jid": "ee2ef6d91e2355761XVz09--E1s~", "workYear": "1年以内", "companySize": "100-499人", "industryField": "互联网", "updated_at": "2018-08-10 11:55:32", "jobName": "软件测试工程师", "companyShortName": "广州诺特软件开发...", "education": "本科", "financeStage": "已上市"},
{"salary": "5k-7k", "city": "广州", "jid": "28ca005d42bf36f21XR_39y0EFc~", "workYear": "经验不限", "updated_at": "2018-08-10 11:55:32", "jobName": "初级测试工程师", "companyShortName": "新文溯科技", "education": "本科"},
{"salary": "6k-10k", "city": "广州", "jid": "408a664d7b9997e01XV92dS1FVE~", "workYear": "1-3年", "companySize": "1000-9999人", "industryField": "游戏", "updated_at": "2018-08-10 11:55:32", "jobName": "测试工程师", "companyShortName": "星辉游戏", "education": "大专", "financeStage": "已上市"},
{"salary": "4k-8k", "city": "广州", "jid": "dd737b908f7495f11nx-3921ElU~", "workYear": "1-3年", "companySize": "100-499人", "industryField": "计算机软件", "updated_at": "2018-08-10 11:55:32", "jobName": "测试工程师", "companyShortName": "广州凝智科技有限公司", "education": "大专", "financeStage": "天使轮"},
{"salary": "6k-12k", "city": "广州", "jid": "bd45fe6415c6588c1nBy2d60ElY~", "workYear": "1-3年", "companySize": "100-499人", "industryField": "游戏", "updated_at": "2018-08-10 11:55:32", "jobName": "测试工程师", "companyShortName": "中顺网络", "education": "大专", "financeStage": "未融资"},
{"salary": "4k-8k", "city": "广州", "jid": "012612723e7cc3791XR_0t--EVM~", "workYear": "1-3年", "companySize": "100-499人", "industryField": "医疗健康", "updated_at": "2018-08-10 11:55:32", "jobName": "软件测试工程师（性能）", "companyShortName": "景联科技", "education": "大专", "financeStage": "A轮"},
{"salary": "6k-12k", "city": "广州", "jid": "8b69509cf0596d3d1nN72tq9EFA~", "workYear": "1-3年", "companySize": "100-499人", "industryField": "游戏", "updated_at": "2018-08-10 11:55:32", "jobName": "测试工程师", "companyShortName": "玖的数码", "education": "大专", "financeStage": "B轮"},
{"salary": "6k-8k", "city": "广州", "jid": "60d816b7034ca35d0Xd-3dm6FQ~~", "workYear": "1年以内", "companySize": "20-99人", "industryField": "移动互联网", "updated_at": "2018-08-10 11:55:32", "jobName": "软件测试工程师", "companyShortName": "创际科技", "education": "学历不限", "financeStage": "不需要融资"},
{"salary": "7k-12k", "city": "广州", "jid": "7f22d1945184dbf21Xd62N64GFE~", "workYear": "1-3年", "companySize": "20-99人", "industryField": "计算机软件", "updated_at": "2018-08-10 11:55:32", "jobName": "测试工程师", "companyShortName": "恒流", "education": "本科", "financeStage": "未融资"},
{"salary": "4k-5k", "city": "广州", "jid": "373993de6f00fdfa1nJ-2d6_GVs~", "workYear": "1年以内", "companySize": "20-99人", "industryField": "移动互联网", "updated_at": "2018-08-10 11:55:32", "jobName": "测试工程师", "companyShortName": "爱小屏公司", "education": "大专", "financeStage": "天使轮"},
{"salary": "4k-7k", "city": "广州", "jid": "e1088b4e75cf26921XR439i5EVE~", "workYear": "经验不限", "companySize": "100-499人", "industryField": "计算机软件", "updated_at": "2018-08-10 11:55:32", "jobName": "软件测试工程师", "companyShortName": "易达科技", "education": "大专", "financeStage": "未融资"},
{"salary": "4k-6k", "city": "广州", "jid": "c1badb0a647a062b1XV_2NW7E1o~", "workYear": "1年以内", "updated_at": "2018-08-10 11:55:32", "jobName": "测试工程师", "companyShortName": "炬荣电子科技", "education": "高中"},
{"salary": "3k-5k", "city": "广州", "jid": "a316391bd20811101nN-39--FFo~", "workYear": "1年以内", "companySize": "20-99人", "industryField": "计算机软件", "updated_at": "2018-08-10 11:55:33", "jobName": "软件测试工程师", "companyShortName": "华广软件", "education": "大专", "financeStage": "不需要融资"},
{"salary": "6k-7k", "city": "广州", "jid": "ad7b272f1af1f8fd1XN62dW_", "workYear": "应届生", "companySize": "20-99人", "industryField": "移动互联网", "updated_at": "2018-08-10 11:55:33", "jobName": "手游测试工程师", "companyShortName": "可酷淘", "education": "本科", "financeStage": "天使轮"},
{"salary": "5k-8k", "city": "广州", "jid": "45d807646764e8501XV-396-FFs~", "workYear": "经验不限", "updated_at": "2018-08-10 11:55:33", "jobName": "软件测试工程师", "companyShortName": "广州展快", "education": "本科"},
{"salary": "3k-6k", "city": "广州", "jid": "87c8987916f9114a1nN73N-7FlQ~", "workYear": "应届生", "companySize": "20-99人", "industryField": "计算机软件", "updated_at": "2018-08-10 11:55:33", "jobName": "测试工程师（初级）", "companyShortName": "广州聚升科技", "education": "本科", "financeStage": "未融资"},
{"salary": "5k-10k", "city": "广州", "jid": "24896d54094f828b1nB-2Ni-GVc~", "workYear": "1-3年", "updated_at": "2018-08-10 11:55:33", "jobName": "游戏测试工程师", "companyShortName": "娉娉科技", "education": "大专"},
{"salary": "5k-7k", "city": "广州", "jid": "b5831070a16b56501XR72tq8Elo~", "workYear": "1-3年", "companySize": "20-99人", "industryField": "游戏", "updated_at": "2018-08-10 11:55:33", "jobName": "游戏测试工程师", "companyShortName": "欢娱游戏", "education": "大专", "financeStage": "天使轮"},
{"salary": "6k-10k", "city": "广州", "jid": "2b4e6e780e6213f603180925Eg~~", "workYear": "3-5年", "updated_at": "2018-08-10 11:55:43", "jobName": "测试工程师（中级）", "companyShortName": "箭头科技", "education": "学历不限"},
{"salary": "3k-4k", "city": "广州", "jid": "219a1d629d860aaa1Xd_3tm6F1U~", "workYear": "1年以内", "companySize": "0-20人", "industryField": "计算机软件", "updated_at": "2018-08-10 11:55:43", "jobName": "测试工程师", "companyShortName": "领迅信息科技", "education": "本科", "financeStage": "未融资"},
{"salary": "4k-8k", "city": "广州", "jid": "15e236b9e154606e1nx829S5FFU~", "workYear": "经验不限", "updated_at": "2018-08-10 11:55:43", "jobName": "测试工程师", "companyShortName": "广州众行", "education": "大专"},
{"salary": "1k-2k", "city": "广州", "jid": "00b27df94d825b2a1n1729-8GVQ~", "workYear": "经验不限", "companySize": "100-499人", "industryField": "计算机服务", "updated_at": "2018-08-10 11:55:43", "jobName": "见习测试工程师", "companyShortName": "航天中认", "education": "大专", "financeStage": "不需要融资"},
{"salary": "6k-8k", "city": "广州", "jid": "819a9fb31bcc706b1n193dS5FFI~", "workYear": "1年以内", "updated_at": "2018-08-10 11:55:43", "jobName": "测试工程师", "companyShortName": "燊木科技", "education": "本科"},
{"salary": "4k-5k", "city": "广州", "jid": "86ceb69a678722fd1XRz2tq9FlA~", "workYear": "经验不限", "companySize": "500-999人", "industryField": "智能硬件", "updated_at": "2018-08-10 11:55:43", "jobName": "测试工程师", "companyShortName": "台电科技", "education": "学历不限", "financeStage": "不需要融资"},
{"salary": "7k-9k", "city": "广州", "jid": "bbf095b861547cbf1XR_09S-GVM~", "workYear": "1-3年", "companySize": "20-99人", "industryField": "游戏", "updated_at": "2018-08-10 11:55:43", "jobName": "手游测试工程师 （黑盒）", "companyShortName": "欢娱游戏", "education": "大专", "financeStage": "天使轮"},
{"salary": "8k-16k", "city": "广州", "jid": "f8d3e3cadc0d4a801nF8296-EFA~", "workYear": "3-5年", "companySize": "100-499人", "industryField": "移动互联网", "updated_at": "2018-08-10 11:55:43", "jobName": "中级测试工程师", "companyShortName": "红手指", "education": "大专", "financeStage": "A轮"},
{"salary": "5k-7k", "city": "广州", "jid": "6490225681e24e221n1-09i4FlM~", "workYear": "1-3年", "companySize": "20-99人", "industryField": "电子商务", "updated_at": "2018-08-10 11:55:43", "jobName": "软件测试工程师", "companyShortName": "日进斗金", "education": "大专", "financeStage": "未融资"},
{"salary": "8k-12k", "city": "广州", "jid": "ac92c36bbbbccd0c1XR_39m-ElE~", "workYear": "1-3年", "companySize": "10000人以上", "industryField": "计算机软件", "updated_at": "2018-08-10 11:55:43", "jobName": "软件测试工程师", "companyShortName": "中软国际", "education": "大专", "financeStage": "已上市"},
{"salary": "8k-13k", "city": "广州", "jid": "d3eb68fd7c79c8911XB-09-8Elo~", "workYear": "1-3年", "companySize": "1000-9999人", "industryField": "计算机软件", "updated_at": "2018-08-10 11:55:43", "jobName": "测试工程师", "companyShortName": "大连斯锐信息技术公司", "education": "大专", "financeStage": "不需要融资"},
{"salary": "8k-16k", "city": "广州", "jid": "51efbb2a731854931XRz3dq5FFI~", "workYear": "1-3年", "companySize": "20-99人", "industryField": "互联网", "updated_at": "2018-08-10 11:55:43", "jobName": "软件测试工程师", "companyShortName": "广州恩志", "education": "大专", "financeStage": "不需要融资"},
{"salary": "8k-16k", "city": "广州", "jid": "d248c2e1710d3ffc1nV929-4GFo~", "workYear": "1-3年", "companySize": "10000人以上", "industryField": "计算机软件", "updated_at": "2018-08-10 11:55:43", "jobName": "软件测试工程师", "companyShortName": "软通动力", "education": "本科", "financeStage": "已上市"},
{"salary": "10k-20k", "city": "广州", "jid": "26b29b034e63e5e51XB529S8EFs~", "workYear": "3-5年", "companySize": "1000-9999人", "industryField": "互联网", "updated_at": "2018-08-10 11:55:43", "jobName": "测试工程师", "companyShortName": "法本信息", "education": "本科", "financeStage": "已上市"},
{"salary": "10k-15k", "city": "广州", "jid": "80ffaf92dbb50c281Xd629q7FlI~", "workYear": "3-5年", "companySize": "1000-9999人", "industryField": "移动互联网", "updated_at": "2018-08-10 11:55:43", "jobName": "黑盒测试工程师", "companyShortName": "欢聚时代", "education": "本科", "financeStage": "已上市"},
{"salary": "8k-15k", "city": "广州", "jid": "88ddbcef592cfcc21XV-3dm4FFc~", "workYear": "经验不限", "companySize": "100-499人", "industryField": "互联网", "updated_at": "2018-08-10 11:55:43", "jobName": "软件测试工程师", "companyShortName": "房博士网", "education": "本科", "financeStage": "未融资"},
{"salary": "5k-7k", "city": "广州", "jid": "fa43452dbc0799351nV529i_Elc~", "workYear": "1-3年", "companySize": "20-99人", "industryField": "计算机软件", "updated_at": "2018-08-10 11:55:43", "jobName": "软件测试工程师", "companyShortName": "广州夺标", "education": "大专", "financeStage": "未融资"},
{"salary": "6k-9k", "city": "广州", "jid": "0109e7d8093234d01XR_3Nq_GFs~", "workYear": "1-3年", "companySize": "1000-9999人", "industryField": "在线教育", "updated_at": "2018-08-10 11:55:43", "jobName": "测试工程师", "companyShortName": "恒企教育", "education": "大专", "financeStage": "已上市"},
{"salary": "8k-13k", "city": "广州", "jid": "05fd066cac570db21nZy2d--F1Q~", "workYear": "3-5年", "companySize": "1000-9999人", "industryField": "其他行业", "updated_at": "2018-08-10 11:55:43", "jobName": "硬件测试工程师", "companyShortName": "视源股份(CVTE)", "education": "大专", "financeStage": "已上市"},
{"salary": "18k-25k", "city": "广州", "jid": "480110ccee21c7d11nx-2Ny4FFE~", "workYear": "3-5年", "companySize": "10000人以上", "industryField": "游戏", "updated_at": "2018-08-10 11:55:43", "jobName": "游戏高级测试工程师-V2", "companyShortName": "网易游戏", "education": "本科", "financeStage": "已上市"},
{"salary": "8k-14k", "city": "广州", "jid": "45a4bd90cb2eb8141XZz39i0F1Y~", "workYear": "1-3年", "companySize": "20-99人", "industryField": "互联网", "updated_at": "2018-08-10 11:55:43", "jobName": "测试工程师", "companyShortName": "栗树科技", "education": "大专", "financeStage": "不需要融资"},
{"salary": "4k-8k", "city": "广州", "jid": "feec9f939c3724f71Xdz39y8ElM~", "workYear": "1-3年", "companySize": "500-999人", "industryField": "智能硬件", "updated_at": "2018-08-10 11:55:43", "jobName": "测试工程师（移动电源）", "companyShortName": "台电科技", "education": "大专", "financeStage": "不需要融资"},
{"salary": "6k-8k", "city": "广州", "jid": "0a2354f178f506d81Xdz39--EFU~", "workYear": "1-3年", "companySize": "500-999人", "industryField": "智能硬件", "updated_at": "2018-08-10 11:55:43", "jobName": "驻厂测试工程师（移动电源）", "companyShortName": "台电科技", "education": "大专", "financeStage": "不需要融资"},
{"salary": "4k-8k", "city": "广州", "jid": "6c6f098a4787f1261Xdz3967FVU~", "workYear": "1-3年", "companySize": "500-999人", "industryField": "智能硬件", "updated_at": "2018-08-10 11:55:43", "jobName": "数码成品测试工程师（驻厂）", "companyShortName": "台电科技", "education": "大专", "financeStage": "不需要融资"},
{"salary": "4k-8k", "city": "广州", "jid": "ab96d7aff689f4a61Xdz39u_GVA~", "workYear": "1-3年", "companySize": "500-999人", "industryField": "智能硬件", "updated_at": "2018-08-10 11:55:43", "jobName": "测试工程师（内存）", "companyShortName": "台电科技", "education": "大专", "financeStage": "不需要融资"},
{"salary": "4k-8k", "city": "广州", "jid": "d5c0ec2c2bc38a361Xdz39u5FFI~", "workYear": "1-3年", "companySize": "500-999人", "industryField": "智能硬件", "updated_at": "2018-08-10 11:55:43", "jobName": "成品测试工程师（U盘）", "companyShortName": "台电科技", "education": "大专", "financeStage": "不需要融资"},
{"salary": "10k-15k", "city": "广州", "jid": "0a307fb3465dd2ba1nJ93t21FVc~", "workYear": "3-5年", "companySize": "1000-9999人", "industryField": "互联网", "updated_at": "2018-08-10 11:55:43", "jobName": "高级软件测试工程师（自动化）", "companyShortName": "棒谷", "education": "本科", "financeStage": "未融资"},
{"salary": "8k-15k", "city": "广州", "jid": "9d57feadb3b36faa1Xd70928GVI~", "workYear": "1-3年", "companySize": "1000-9999人", "industryField": "互联网", "updated_at": "2018-08-10 11:55:43", "jobName": "软件测试工程师", "companyShortName": "棒谷", "education": "大专", "financeStage": "未融资"},
{"salary": "4k-6k", "city": "广州", "jid": "a17a0181133e63bf1XB63dq_E1Q~", "workYear": "应届生", "companySize": "1000-9999人", "industryField": "智能硬件", "updated_at": "2018-08-10 11:55:43", "jobName": "软/硬件白盒测试工程师", "companyShortName": "广州飞歌", "education": "本科", "financeStage": "不需要融资"},
{"salary": "10k-20k", "city": "广州", "jid": "58a0a20725d196481XVz2du5GFs~", "workYear": "1-3年", "companySize": "1000-9999人", "industryField": "互联网", "updated_at": "2018-08-10 11:55:43", "jobName": "手游测试工程师", "companyShortName": "猎豹移动", "education": "学历不限", "financeStage": "已上市"},
